5688370;W02-D-Evere-FH01;15485;1120066;2577330;;W02-D-Evere-FH01;;;;;;;;;;;;;;;;;;;;;;;;;;;;;;;;;;;;;;;;;;;;;;;;;;;;20181201;20200716
5688370;W02-D-Evere-FH01;15485;1120066;2577331;;W02-D-Evere-FH01;;;;;;;;;;;;;;;;;;;;;;;;;;;;;;;;;;;;;;;;;;;;;;;;;;;;20181201;20200716
5688370;W02-D-Evere-FH01;15485;1120066;2577332;;W02-D-Evere-FH01;;;;;;;;;;;;;;;;;;;;;;;;;;;;;;;;;;;;;;;;;;;;;;;;;;;;20181201;20200716
5688370;W02-D-Evere-FH01;15485;1120066;2577333;;W02-D-Evere-FH01;;;;;;;;;;;;;;;;;;;;;;;;;;;;;;;;;;;;;;;;;;;;;;;;;;;;20181201;20200716
5688370;W02-D-Evere-FH01;15485;1120066;2577334;;W02-D-Evere-FH01;;;;;;;;;;;;;;;;;;;;;;;;;;;;;;;;;;;;;;;;;;;;;;;;;;;;20181201;20200716
5688370;W02-D-Evere-FH01;15485;1120066;2577335;;W02-D-Evere-FH01;;;;;;;;;;;;;;;;;;;;;;;;;;;;;;;;;;;;;;;;;;;;;;;;;;;;20181201;20200716
5688370;W02-D-Evere-FH01;15485;1120066;2577336;;W02-D-Evere-FH01;;;;;;;;;;;;;;;;;;;;;;;;;;;;;;;;;;;;;;;;;;;;;;;;;;;;20181201;20200716
5688370;W02-D-Evere-FH01;15485;1621805;11199098;;W02-D-Evere-FH01;;;;;;;;;;;;;;;;;;;;;;;;;;;;;;;;;;;;;;;;;;;;;;;;;;;;20181201;20200716
5688370;W02-D-Evere-FH01;15485;1621805;2577339;;W02-D-Evere-FH01;;;;;;;;;;;;;;;;;;;;;;;;;;;;;;;;;;;;;;;;;;;;;;;;;;;;20181201;20200716
5688370;W02-D-Evere-FH01;15485;1621805;2577340;;W02-D-Evere-FH01;;;;;;;;;;;;;;;;;;;;;;;;;;;;;;;;;;;;;;;;;;;;;;;;;;;;20181201;20200716
5688370;W02-D-Evere-FH01;15485;1621805;2577341;;W02-D-Evere-FH01;;;;;;;;;;;;;;;;;;;;;;;;;;;;;;;;;;;;;;;;;;;;;;;;;;;;20181201;20200716
5688370;W02-D-Evere-FH01;15485;1621805;2577342;;W02-D-Evere-FH01;;;;;;;;;;;;;;;;;;;;;;;;;;;;;;;;;;;;;;;;;;;;;;;;;;;;20181201;20200716
5688370;W02-D-Evere-FH01;15485;1621805;2577343;;W02-D-Evere-FH01;;;;;;;;;;;;;;;;;;;;;;;;;;;;;;;;;;;;;;;;;;;;;;;;;;;;20181201;20200716
5688370;W02-D-Evere-FH01;15485;1621805;2577344;;W02-D-Evere-FH01;;;;;;;;;;;;;;;;;;;;;;;;;;;;;;;;;;;;;;;;;;;;;;;;;;;;20181201;20200716
5688370;W02-D-Evere-FH01;15485;1621805;2577345;;W02-D-Evere-FH01;;;;;;;;;;;;;;;;;;;;;;;;;;;;;;;;;;;;;;;;;;;;;;;;;;;;20181201;20200716
5688370;W02-D-Evere-FH01;15485;1621805;2577346;;W02-D-Evere-FH01;;;;;;;;;;;;;;;;;;;;;;;;;;;;;;;;;;;;;;;;;;;;;;;;;;;;20181201;20200716
5688370;W02-D-Evere-FH01;15485;1621805;2577347;;W02-D-Evere-FH01;;;;;;;;;;;;;;;;;;;;;;;;;;;;;;;;;;;;;;;;;;;;;;;;;;;;20181201;20200716
5688370;W02-D-Evere-FH01;15485;1621805;2577348;;W02-D-Evere-FH01;;;;;;;;;;;;;;;;;;;;;;;;;;;;;;;;;;;;;;;;;;;;;;;;;;;;20181201;20200716
5688370;W02-D-Evere-FH01;15485;1621805;2577349;;W02-D-Evere-FH01;;;;;;;;;;;;;;;;;;;;;;;;;;;;;;;;;;;;;;;;;;;;;;;;;;;;20181201;20200716
5688370;W02-D-Evere-FH01;15485;1621805;2577350;;W02-D-Evere-FH01;;;;;;;;;;;;;;;;;;;;;;;;;;;;;;;;;;;;;;;;;;;;;;;;;;;;20181201;20200716
5688370;W02-D-Evere-FH01;15485;1621805;2577351;;W02-D-Evere-FH01;;;;;;;;;;;;;;;;;;;;;;;;;;;;;;;;;;;;;;;;;;;;;;;;;;;;20181201;20200716
5688370;W02-D-Evere-FH01;15485;1621806;10892460;;W02-D-Evere-FH01;;;;;;;;;;;;;;;;;;;;;;;;;;;;;;;;;;;;;;;;;;;;;;;;;;;;20181201;20200716
5688370;W02-D-Evere-FH01;15485;1621806;11199102;;W02-D-Evere-FH01;;;;;;;;;;;;;;;;;;;;;;;;;;;;;;;;;;;;;;;;;;;;;;;;;;;;20181201;20200716
5688370;W02-D-Evere-FH01;15485;1621806;2577356;;W02-D-Evere-FH01;;;;;;;;;;;;;;;;;;;;;;;;;;;;;;;;;;;;;;;;;;;;;;;;;;;;20181201;20200716
5688370;W02-D-Evere-FH01;15485;1621806;2577357;;W02-D-Evere-FH01;;;;;;;;;;;;;;;;;;;;;;;;;;;;;;;;;;;;;;;;;;;;;;;;;;;;20181201;20200716
5688370;W02-D-Evere-FH01;15485;1621806;2577358;;W02-D-Evere-FH01;;;;;;;;;;;;;;;;;;;;;;;;;;;;;;;;;;;;;;;;;;;;;;;;;;;;20181201;20200716
5688370;W02-D-Evere-FH01;15485;1621806;2577359;;W02-D-Evere-FH01;;;;;;;;;;;;;;;;;;;;;;;;;;;;;;;;;;;;;;;;;;;;;;;;;;;;20181201;20200716
5688370;W02-D-Evere-FH01;15485;1621806;2577360;;W02-D-Evere-FH01;;;;;;;;;;;;;;;;;;;;;;;;;;;;;;;;;;;;;;;;;;;;;;;;;;;;20181201;20200716
5688370;W02-D-Evere-FH01;15485;1621806;2577361;;W02-D-Evere-FH01;;;;;;;;;;;;;;;;;;;;;;;;;;;;;;;;;;;;;;;;;;;;;;;;;;;;20181201;20200716
5688370;W02-D-Evere-FH01;15485;1621806;2577362;;W02-D-Evere-FH01;;;;;;;;;;;;;;;;;;;;;;;;;;;;;;;;;;;;;;;;;;;;;;;;;;;;20181201;20200716
5688370;W02-D-Evere-FH01;15485;1621806;2577363;;W02-D-Evere-FH01;;;;;;;;;;;;;;;;;;;;;;;;;;;;;;;;;;;;;;;;;;;;;;;;;;;;20181201;20200716
5688370;W02-D-Evere-FH01;15485;1621806;2577364;;W02-D-Evere-FH01;;;;;;;;;;;;;;;;;;;;;;;;;;;;;;;;;;;;;;;;;;;;;;;;;;;;20181201;20200716
5688370;W02-D-Evere-FH01;15485;1621806;2577365;;W02-D-Evere-FH01;;;;;;;;;;;;;;;;;;;;;;;;;;;;;;;;;;;;;;;;;;;;;;;;;;;;20181201;20200716
5688370;W02-D-Evere-FH01;15485;1621806;2577366;;W02-D-Evere-FH01;;;;;;;;;;;;;;;;;;;;;;;;;;;;;;;;;;;;;;;;;;;;;;;;;;;;20181201;20200716
5688370;W02-D-Evere-FH01;15485;1621806;2577367;;W02-D-Evere-FH01;;;;;;;;;;;;;;;;;;;;;;;;;;;;;;;;;;;;;;;;;;;;;;;;;;;;20181201;20200716
5688370;W02-D-Evere-FH01;15485;1621807;11199103;;W02-D-Evere-FH01;;;;;;;;;;;;;;;;;;;;;;;;;;;;;;;;;;;;;;;;;;;;;;;;;;;;20181201;20200716
5688370;W02-D-Evere-FH01;15485;1621807;2577368;;W02-D-Evere-FH01;;;;;;;;;;;;;;;;;;;;;;;;;;;;;;;;;;;;;;;;;;;;;;;;;;;;20181201;20200716
5688370;W02-D-Evere-FH01;15485;1621807;2577369;;W02-D-Evere-FH01;;;;;;;;;;;;;;;;;;;;;;;;;;;;;;;;;;;;;;;;;;;;;;;;;;;;20181201;20200716
5688370;W02-D-Evere-FH01;15485;1621807;2577370;;W02-D-Evere-FH01;;;;;;;;;;;;;;;;;;;;;;;;;;;;;;;;;;;;;;;;;;;;;;;;;;;;20181201;20200716
5688370;W02-D-Evere-FH01;15485;1621807;2577371;;W02-D-Evere-FH01;;;;;;;;;;;;;;;;;;;;;;;;;;;;;;;;;;;;;;;;;;;;;;;;;;;;20181201;20200716
5688370;W02-D-Evere-FH01;15485;1621807;2577372;;W02-D-Evere-FH01;;;;;;;;;;;;;;;;;;;;;;;;;;;;;;;;;;;;;;;;;;;;;;;;;;;;20181201;20200716
5688370;W02-D-Evere-FH01;15485;1621807;2577373;;W02-D-Evere-FH01;;;;;;;;;;;;;;;;;;;;;;;;;;;;;;;;;;;;;;;;;;;;;;;;;;;;20181201;20200716
5688370;W02-D-Evere-FH01;15485;1621807;2577374;;W02-D-Evere-FH01;;;;;;;;;;;;;;;;;;;;;;;;;;;;;;;;;;;;;;;;;;;;;;;;;;;;20181201;20200716
5688370;W02-D-Evere-FH01;15485;1621807;2577375;;W02-D-Evere-FH01;;;;;;;;;;;;;;;;;;;;;;;;;;;;;;;;;;;;;;;;;;;;;;;;;;;;20181201;20200716
5688370;W02-D-Evere-FH01;15485;1621807;2577376;;W02-D-Evere-FH01;;;;;;;;;;;;;;;;;;;;;;;;;;;;;;;;;;;;;;;;;;;;;;;;;;;;20181201;20200716
5688370;W02-D-Evere-FH01;15485;1621807;2577377;;W02-D-Evere-FH01;;;;;;;;;;;;;;;;;;;;;;;;;;;;;;;;;;;;;;;;;;;;;;;;;;;;20181201;20200716
5688370;W02-D-Evere-FH01;15485;1621807;2577378;;W02-D-Evere-FH01;;;;;;;;;;;;;;;;;;;;;;;;;;;;;;;;;;;;;;;;;;;;;;;;;;;;20181201;20200716
5688370;W02-D-Evere-FH01;15485;1621807;2577379;;W02-D-Evere-FH01;;;;;;;;;;;;;;;;;;;;;;;;;;;;;;;;;;;;;;;;;;;;;;;;;;;;20181201;20200716
5688370;W02-D-Evere-FH01;15485;1621807;2577381;;W02-D-Evere-FH01;;;;;;;;;;;;;;;;;;;;;;;;;;;;;;;;;;;;;;;;;;;;;;;;;;;;20181201;20200716
5688370;W02-D-Evere-FH01;15485;5583180;11199104;;W02-D-Evere-FH01;;;;;;;;;;;;;;;;;;;;;;;;;;;;;;;;;;;;;;;;;;;;;;;;;;;;20181201;20200716
5688370;W02-D-Evere-FH01;15485;5583180;2577395;;W02-D-Evere-FH01;;;;;;;;;;;;;;;;;;;;;;;;;;;;;;;;;;;;;;;;;;;;;;;;;;;;20200601;20200716
5688370;W02-D-Evere-FH01;15485;5583180;2577396;;W02-D-Evere-FH01;;;;;;;;;;;;;;;;;;;;;;;;;;;;;;;;;;;;;;;;;;;;;;;;;;;;20181201;20200716
5688370;W02-D-Evere-FH01;15485;5583180;2577397;;W02-D-Evere-FH01;;;;;;;;;;;;;;;;;;;;;;;;;;;;;;;;;;;;;;;;;;;;;;;;;;;;20181201;20200716
5688370;W02-D-Evere-FH01;15485;5583180;2577398;;W02-D-Evere-FH01;;;;;;;;;;;;;;;;;;;;;;;;;;;;;;;;;;;;;;;;;;;;;;;;;;;;20181201;20200716
5688370;W02-D-Evere-FH01;15485;5583180;2577399;;W02-D-Evere-FH01;;;;;;;;;;;;;;;;;;;;;;;;;;;;;;;;;;;;;;;;;;;;;;;;;;;;20181201;20200716
5688370;W02-D-Evere-FH01;15485;5583180;2577400;;W02-D-Evere-FH01;;;;;;;;;;;;;;;;;;;;;;;;;;;;;;;;;;;;;;;;;;;;;;;;;;;;20181201;20200716
5688370;W02-D-Evere-FH01;15485;5583180;2577401;;W02-D-Evere-FH01;;;;;;;;;;;;;;;;;;;;;;;;;;;;;;;;;;;;;;;;;;;;;;;;;;;;20181201;20200716
5688370;W02-D-Evere-FH01;15485;5583180;2577402;;W02-D-Evere-FH01;;;;;;;;;;;;;;;;;;;;;;;;;;;;;;;;;;;;;;;;;;;;;;;;;;;;20181201;20200716
5688370;W02-D-Evere-FH01;15485;5583180;2577403;;W02-D-Evere-FH01;;;;;;;;;;;;;;;;;;;;;;;;;;;;;;;;;;;;;;;;;;;;;;;;;;;;20181201;20200716
5688370;W02-D-Evere-FH01;15485;5583180;2577404;;W02-D-Evere-FH01;;;;;;;;;;;;;;;;;;;;;;;;;;;;;;;;;;;;;;;;;;;;;;;;;;;;20181201;20200716
5688370;W02-D-Evere-FH01;15485;5583180;2577405;;W02-D-Evere-FH01;;;;;;;;;;;;;;;;;;;;;;;;;;;;;;;;;;;;;;;;;;;;;;;;;;;;20181201;20200716
5688370;W02-D-Evere-FH01;15485;5583180;2577406;;W02-D-Evere-FH01;;;;;;;;;;;;;;;;;;;;;;;;;;;;;;;;;;;;;;;;;;;;;;;;;;;;20181201;20200716
5688370;W02-D-Evere-FH01;15485;1120064;2577415;;W02-D-Evere-FH01;;;;;;;;;;;;;;;;;;;;;;;;;;;;;;;;;;;;;;;;;;;;;;;;;;;;20181201;20201231
5688370;W02-D-Evere-FH01;15485;1120064;2577416;;W02-D-Evere-FH01;;;;;;;;;;;;;;;;;;;;;;;;;;;;;;;;;;;;;;;;;;;;;;;;;;;;20181201;20201231
5688370;W02-D-Evere-FH01;15485;1120064;2577417;;W02-D-Evere-FH01;;;;;;;;;;;;;;;;;;;;;;;;;;;;;;;;;;;;;;;;;;;;;;;;;;;;20181201;20201231
5688370;W02-D-Evere-FH01;15485;1120064;2577418;;W02-D-Evere-FH01;;;;;;;;;;;;;;;;;;;;;;;;;;;;;;;;;;;;;;;;;;;;;;;;;;;;20181201;20201231
5688370;W02-D-Evere-FH01;15485;1120064;2577419;;W02-D-Evere-FH01;;;;;;;;;;;;;;;;;;;;;;;;;;;;;;;;;;;;;;;;;;;;;;;;;;;;20181201;20201231
5688370;W02-D-Evere-FH01;15485;1120064;2577420;;W02-D-Evere-FH01;;;;;;;;;;;;;;;;;;;;;;;;;;;;;;;;;;;;;;;;;;;;;;;;;;;;20181201;20201231
5688370;W02-D-Evere-FH01;15485;5372922;10892040;;W02-D-Evere-FH01;;;;;;;;;;;;;;;;;;;;;;;;;;;;;;;;;;;;;;;;;;;;;;;;;;;;20181201;20201231
5688370;W02-D-Evere-FH01;15485;1120031;11425395;;W02-D-Evere-FH01;;;;;;;;;;;;;;;;;;;;;;;;;;;;;;;;;;;;;;;;;;;;;;;;;;;;20181201;20201231
